{
  "sample_count": 1001,
  "duration_s": 20.0,
  "reference_event_count": 30,
  "phase_eval_sample_count": 699,
  "frequency_eval_sample_count": 699,
  "phase_rmse_rad": 0.7263994910976607,
  "phase_rmse_deg": 41.61962508034677,
  "phase_rmse_percent": 11.561006966762992,
  "phase_mae_percent": 8.137011781683634,
  "phase_abs_error_p95_percent": 28.34194292322693,
  "frequency_rmse_hz": 0.20582840573841005,
  "frequency_mae_hz": 0.14123863193170574,
  "ao_reconstruction_rmse_rad": 0.09083371129788398,
  "convergence_time_s_at_5_percent": 1.5999999999999996,
  "max_abs_torque_nm": 6.0,
  "max_torque_rate_nm_s": 64.58550000000136,
  "torque_rate_p95_nm_s": 39.00962500000082,
  "freeze_torque_violation_count": 0,
  "disallow_output_torque_violation_count": 0,
  "stationary_false_assist_s": 0.0,
  "post_stop_peak_torque_nm": 0.0,
  "post_stop_peak_torque_ratio": 0.0,
  "stop_torque_settle_time_s": null,
  "simultaneous_high_torque_ratio": 0.0,
  "left_peak_torque_phase_mae_deg": 2.9138562039522755,
  "right_peak_torque_phase_mae_deg": 3.97150770435914,
  "peak_torque_phase_mae_deg": 3.4609173248523777,
  "anchor_detected_count": 25,
  "anchor_update_count": 15,
  "rejected_anchor_count": 22,
  "anchor_reject_reason_counts": {
    "1": 13,
    "6": 1,
    "9": 6,
    "7": 2
  },
  "anchor_confidence_mean": 0.7194242,
  "anchor_confidence_p95": 0.7953154,
  "false_anchor_during_stop_count": 0,
  "omega_jump_p95_hz": 0.0254648,
  "omega_jump_max_hz": 0.0254648,
  "frequency_transition_count": 3,
  "frequency_adaptation_time_mean_s": 1.2400000000000009,
  "frequency_adaptation_time_max_s": 1.3800000000000008,
  "phase_adaptation_time_mean_s": 1.406666666666668,
  "phase_adaptation_time_max_s": 1.620000000000001,
  "combined_adaptation_time_mean_s": 1.406666666666668,
  "combined_adaptation_time_max_s": 1.620000000000001,
  "frequency_transition_windows": [
    {
      "transition_time_s": 8.12,
      "from_frequency_hz": 1.136363636363639,
      "to_frequency_hz": 0.7352941176470583,
      "frequency_delta_hz": -0.4010695187165806,
      "frequency_adaptation_time_s": 1.3800000000000008,
      "phase_adaptation_time_s": 1.620000000000001,
      "combined_adaptation_time_s": 1.620000000000001,
      "frequency_error_threshold_hz": 0.1,
      "phase_error_threshold_percent": 5.0
    },
    {
      "transition_time_s": 12.1,
      "from_frequency_hz": 0.7812500000000002,
      "to_frequency_hz": 1.3888888888888895,
      "frequency_delta_hz": 0.6076388888888893,
      "frequency_adaptation_time_s": 1.0999999999999996,
      "phase_adaptation_time_s": 1.2200000000000006,
      "combined_adaptation_time_s": 1.2200000000000006,
      "frequency_error_threshold_hz": 0.1,
      "phase_error_threshold_percent": 5.0
    },
    {
      "transition_time_s": 16.22,
      "from_frequency_hz": 1.1904761904761867,
      "to_frequency_hz": 0.8928571428571442,
      "frequency_delta_hz": -0.29761904761904245,
      "frequency_adaptation_time_s": 1.240000000000002,
      "phase_adaptation_time_s": 1.3800000000000026,
      "combined_adaptation_time_s": 1.3800000000000026,
      "frequency_error_threshold_hz": 0.1,
      "phase_error_threshold_percent": 5.0
    }
  ]
}