{
  "sample_count": 1001,
  "duration_s": 20.0,
  "reference_event_count": 30,
  "phase_eval_sample_count": 699,
  "frequency_eval_sample_count": 699,
  "phase_rmse_rad": 0.7269216648862653,
  "phase_rmse_deg": 41.64954343460617,
  "phase_rmse_percent": 11.569317620723938,
  "phase_mae_percent": 8.138826020370125,
  "phase_abs_error_p95_percent": 28.34194292322693,
  "frequency_rmse_hz": 0.2062548063967676,
  "frequency_mae_hz": 0.14135448868095454,
  "ao_reconstruction_rmse_rad": 0.09094499927552938,
  "convergence_time_s_at_5_percent": 1.58,
  "max_abs_torque_nm": 5.99999,
  "max_torque_rate_nm_s": 64.02800000000136,
  "torque_rate_p95_nm_s": 38.80875000000082,
  "freeze_torque_violation_count": 0,
  "disallow_output_torque_violation_count": 0,
  "stationary_false_assist_s": 0.0,
  "post_stop_peak_torque_nm": 0.0,
  "post_stop_peak_torque_ratio": 0.0,
  "stop_torque_settle_time_s": null,
  "simultaneous_high_torque_ratio": 0.0,
  "left_peak_torque_phase_mae_deg": 2.86695551586514,
  "right_peak_torque_phase_mae_deg": 4.208750428729638,
  "peak_torque_phase_mae_deg": 3.560987367346777,
  "anchor_detected_count": 25,
  "anchor_update_count": 15,
  "rejected_anchor_count": 9,
  "anchor_confidence_mean": 0.6656593333333333,
  "anchor_confidence_p95": 0.7443169,
  "false_anchor_during_stop_count": 0,
  "omega_jump_p95_hz": 0.0254648,
  "omega_jump_max_hz": 0.0254648,
  "frequency_transition_count": 3,
  "frequency_adaptation_time_mean_s": 1.273333333333334,
  "frequency_adaptation_time_max_s": 1.3800000000000008,
  "phase_adaptation_time_mean_s": 1.406666666666668,
  "phase_adaptation_time_max_s": 1.620000000000001,
  "combined_adaptation_time_mean_s": 1.406666666666668,
  "combined_adaptation_time_max_s": 1.620000000000001,
  "frequency_transition_windows": [
    {
      "transition_time_s": 8.12,
      "from_frequency_hz": 1.136363636363639,
      "to_frequency_hz": 0.7352941176470583,
      "frequency_delta_hz": -0.4010695187165806,
      "frequency_adaptation_time_s": 1.3800000000000008,
      "phase_adaptation_time_s": 1.620000000000001,
      "combined_adaptation_time_s": 1.620000000000001,
      "frequency_error_threshold_hz": 0.1,
      "phase_error_threshold_percent": 5.0
    },
    {
      "transition_time_s": 12.1,
      "from_frequency_hz": 0.7812500000000002,
      "to_frequency_hz": 1.3888888888888895,
      "frequency_delta_hz": 0.6076388888888893,
      "frequency_adaptation_time_s": 1.1799999999999997,
      "phase_adaptation_time_s": 1.2200000000000006,
      "combined_adaptation_time_s": 1.2200000000000006,
      "frequency_error_threshold_hz": 0.1,
      "phase_error_threshold_percent": 5.0
    },
    {
      "transition_time_s": 16.22,
      "from_frequency_hz": 1.1904761904761867,
      "to_frequency_hz": 0.8928571428571442,
      "frequency_delta_hz": -0.29761904761904245,
      "frequency_adaptation_time_s": 1.2600000000000016,
      "phase_adaptation_time_s": 1.3800000000000026,
      "combined_adaptation_time_s": 1.3800000000000026,
      "frequency_error_threshold_hz": 0.1,
      "phase_error_threshold_percent": 5.0
    }
  ]
}